<Parameter name="DashboardAlphaBlend" value="true" />
<Parameter name="DisableRenderer" value="false" />
<Parameter name="DisplayHeight" value="720" />
<Parameter name="DisplayWidth" value="1280" />
<Parameter name="Gravity" value="9.806650" />
<Parameter name="MaxConcurrentFrames" value="4" />
<Parameter name="MaxTPS" value="4000" />
<Parameter name="NumPlayerStates" value="1" />
<Parameter name="Renderer.HDR" value="true" />
<Parameter name="Renderer.MSAA" value="8" />
<Parameter name="RepositoryPath" value="./Repository/" />
<Parameter name="TaskPoolSize" value="6" />
